kraj,id,nazwa,miasto,adres,www,wolumen,confidence_wolumen,rejestr_id,nip_vat,rok_zalozenia,tier,marki_nabijarki,marka_wlasna_oem,powinowactwo_nabijarki,kategoria,rynek_skala,cross_sell_potential,kanal_sprzedaży,kanal_zamiennik,decydent,stanowisko,email_decydent,email,telefon,notatki,linkedin,facebook,instagram,tiktok,data_weryfikacji,sourcing,zrodlo_danych,flagi,related_to
RS,RS-B-001,Umbrella Corporation Ltd.,Beograd,"Heroja Milana Tepića 3, Beograd (sedište; 15 lokali w Beogradu + Valjevo + Zemun)",https://umbrellashop.rs,duży,🟢,"APR Serbia — PIB 106851710, wpisany w registar uvoznika srodnih proizvoda (duvan.gov.rs 15.1.2024)",RS106851710,,reseller,,,4,B4,średni,wysoki,Sieciowy retailer (15 lokali) + e-commerce + dystrybucja B2B (Flavour Art),,Direktor korporacije (imię do potwierdzenia w APR),Generalni direktor,,prodaja@umbrellashop.rs,+381 11 6558-124,"🏆 TOP B4 LEAD — Umbrella Corporation to największa serbska sieć e-papierosów (15 lokali + dystrybucja B2B Flavour Art). PIB potwierdzony w oficjalnym rejestrze. Cross-sell potencjał NISKI dla PowerMatic (nie sprzedają maszynek) ale WYSOKI dla e-liquid / akcesoriów do e-papierosów. Out-of-scope. | Brand/Web: umbrellashop.rs | Wszystkie telefony: +381 11 6558-124 | +381 11 6558-140 | +381 63 349-007 | +381 69 3699-645 | Profil/Sourcing: Regionalny lider w dystrybucji e-papierosów. Generalni zastupnik Flavour Art za Srbję; BiH; Makedonija; Crna Gorę. 15 lokali w Beogradu + sklepy w Valjevo i Zemun. Marki: Joyetech; Eleaf; Wismec; Vaporesso; Kangertech; Ritchy Liqua. | marki_nabijarki: NIE sprzedaje maszynek — fokus: e-papierosy, PUFFS, e-tečnosti (Flavour Art distributer za Srbję)",https://rs.linkedin.com/company/umbrella-corporation,https://www.facebook.com/umbrellashop.rs/,https://www.instagram.com/umbrellashop/,,2026-08-19,RS (dystrybucja krajowa),"duvan.gov.rs (2026-08-19, registar uvoznika srodnih proizvoda, PIB 106851710) + umbrellashop.rs (2026-08-19, regionalni lider Flavour Art 15 lokali) | OUT-OF-SCOPE: Serbia",🆕 NEW | ⚠️ OUT-OF-SCOPE: Serbia | 🏆 TOP B4 E-CIGARETY | 🔗 SIEĆ 2026-09-03 ⏳ PENDING_API,
RS,RS-B-002,Vape Shop DOO,Beograd,"Adres siedziby do potwierdzenia w APR (PIB 113161960 — wg duvan.gov.rs: Drinska 5, Novi Sad — ale operacyjnie z Beogradu vapeizla.rs Carice Milice 11)",https://vapeshop.rs,duży,🟢,"APR Serbia — PIB 113161960, delatność handel e-papierosy + nikotynki + liquidy, wpisany w registar uwozników 15.1.2024",RS113161960,2022,hurtownik,,,4,B4,średni,wysoki,E-commerce (vapeshop.rs) + dystrybucja do 1700+ sklepów,https://www.vapeizla.rs/,Osnivač (imię do potwierdzenia w APR),Osnivač / Direktor,,prodaja@vapeshop.rs,,🏆 TOP B4 LEAD — Vape Shop DOO to jeden z największych dystrybutorów e-papierosów w Srbii (1700+ punktów sprzedaży!). Cross-sell: PowerMatic nie jest w ich asortymencie; ale liquidy i akcesoria e-papierosowe — tak. Out-of-scope dla BILLS PL. | Brand/Web: vapeshop.rs | Telefon roboczy: +381 do potwierdzenia | Profil/Sourcing: Jeden z największych dystrybutorów e-papierosów w Srbii. Od 2022 — w 1700+ punktach sprzedaży. Vape and Zla Shop (Carice Milice 11) to ich maloprodajny brand. | marki_nabijarki: NIE sprzedaje maszynek — fokus: e-papierosy (w tym jednorazowe); nikotynki; liquidy; akcesoria. Sieć 1700+ obiektów w Srbii (wg LinkedIn).,https://www.linkedin.com/company/vape-shop-doo,https://www.facebook.com/vapeshop.rs/,,,2026-08-19,RS (dystrybucja krajowa),"linkedin.com/company/vape-shop-doo (2026-08-19, vape shop doo osnovana sredinom 2022, 1700+ objekata) + duvan.gov.rs (2026-08-19, PIB 113161960) | OUT-OF-SCOPE: Serbia",🆕 NEW | ⚠️ OUT-OF-SCOPE: Serbia | 🏆 TOP B4 SCALE | 🔗 1700+ PUNKTÓW 2026-09-03 ⏳ PENDING_API,
RS,RS-B-003,Vape Mania,Beograd,8 lokali: Podzemni prolaz Albanija; BEO Shopping Center; UŠĆE Shopping Center; Ada Mall; Mercator; Rajićeva; Galerija; Delta City (Beograd) + Subotica Dimitrija Tucovića 8,https://vapemania.rs,duży,🟢,APR Serbia — do potwierdzenia; outlet vape prvý w Srbii,,,reseller,,,4,B4,średni,wysoki,Sieciowy retailer (8+ lokali w centrach handlowych) + e-commerce,,Vlasnik / direktor (imię do potwierdzenia w APR),Direktor,,prodaja@vapemania.rs,+381 60 3699-967,🏆 TOP B4 LEAD — Vape Mania to największa sieć vape w Srbii (8 lokali w największych centrach handlowych). Outlets-only model; brak maszynek do papierosów. Cross-sell: PowerMatic raczej NIE; ale liquidy / PUFFS / akcesoria — tak. Out-of-scope. | Brand/Web: vapemania.rs | Profil/Sourcing: Pierwszy vape outlet w Srbii. 8 lokali w Beogradu + 1 w Suboticy. Region: Srbia; BiH; Makedonia; Crna Gora. | marki_nabijarki: NIE sprzedaje maszynek — fokus: PUFFS; e-papierosy; VOZOL; VBAR; ELISE. Outlets w centrach handlowych.,,https://www.facebook.com/vapemania.rs/,https://www.instagram.com/vapemania/,,2026-08-19,RS (dystrybucja krajowa),"vapemania.rs (2026-08-19, 8 lokali Beograd + Subotica, PUFFS; VOZOL; VBAR; ELISE; prodaja@vapemania.rs) + mercatorcentar.rs (2026-08-19; Vape Mania sprzedaje PUFFS) | OUT-OF-SCOPE: Serbia",🆕 NEW | ⚠️ OUT-OF-SCOPE: Serbia | 🏆 TOP B4 SIEĆ 2026-09-03 ⏳ PENDING_API,
RS,RS-B-004,Salt Vape (8 lokali),Beograd,8 lokali: Kneza Mihaila 2 (Terazije); Bulevar kralja Aleksandra 86; Vojislava Ilića 141 TC Beo; Bulevar Vudroa Vilsona 14 TC Galerija,https://www.saltvape.rs,duży,🟡,APR Serbia — do potwierdzenia,,,reseller,,,4,B4,średni,wysoki,Sieciowy retailer (8 lokali),,Vlasnik (imię do potwierdzenia),Vlasnik,,,+381 65 8240-353,Sieć 8 lokali w Beogradu; fokus e-papierosy. Brak PIB publicznie — do zweryfikowania w APR. Out-of-scope. | Wszystkie telefony: +381 65 8240-353 | +381 60 6262-521 | Profil/Sourcing: Sieć 8 lokali w Beogradu. Główna ekspozycja w centrum (Terazije; Zeleni Venac). | www: do potwierdzenia | marki_nabijarki: NIE sprzedaje maszynek — fokus: e-papierosy; e-tečnosti; akcesoria,,https://www.facebook.com/saltvape/,,,2026-08-19,RS (dystrybucja krajowa),"planplus.rs (2026-08-19, Salt Vape 8 lokali Beograd, Kneza Mihaila 2 Terazije, +381 65 8240-353) | OUT-OF-SCOPE: Serbia",🆕 NEW | ⚠️ OUT-OF-SCOPE: Serbia | 🏷️ NO PIB 2026-09-03 ⏳ PENDING_API,
RS,RS-B-005,Yala Habibi d.o.o.,Beograd,"Kneginje Zorke 41, Beograd (HQ) + Pere Todorovića 23 + Svetog Save 17",https://nargilashopbeograd.rs,średni,🟢,"APR Serbia — PIB 108828706, MB 21075728, delatnost 4639 Nespecijalizovana trgovina hranom; pićem i duvanom. Spin-off z EL NIL COMPANY d.o.o. (2007).",RS108828706,2015,reseller,,,4,B5,średni,wysoki,E-commerce (nargilashopbeograd.rs) + sklep stacjonarny (Knjeginje Zorke 41) + kawiarnia,https://nargilashopbeograd.com/,Porodična firma (nazwisko do potwierdzenia w APR),Vlasnik (osnivač),order@nargilashopbeograd.rs,order@nargilashopbeograd.rs,+381 11 3441 585,🏆 TOP B5 LEAD — Yala Habibi (dawniej EL NIL Company) to wiodący serbski dystrybutor nargili / shishy / duvanu aromatycznego. Sklep stacjonarny w centrum Beogradu (Knjeginje Zorke 41) + e-commerce + kawiarnia. Pełne dane APR (PIB; MB; delatność) zweryfikowane. Out-of-scope; ale warto monitorować trendy shisha w Serbii. | Brand/Web: nargilashopbeograd.rs | Wszystkie telefony: +381 11 3441 585 | +381 60 374 7222 | Profil/Sourcing: Właściciel: EL NIL COMPANY d.o.o. (porodična firma z 2007). Yala Habibi d.o.o. wydzielona w 2015. Distrybutor + sklep detaliczny + kawiarnia. NIE sprzedaje PowerMatic; ale cross-sell duvan / lule / pribor możliwy. | marki_nabijarki: NIE sprzedaje maszynek — fokus: nargile (Aladin; Amy; Alpha Hookah; El Bomber; Blade Hookah); duvan za nargile (Al Fakher; Nakhla; Al Waha; 187 Tobacco; Starbuzz; Jibiar; Darkside); arome; ugalj; pribor. Ovlašćeni zastupnik za Srbję.,https://www.linkedin.com/company/el-nil-company,https://www.facebook.com/nargilashopbg/,,,2026-08-19,RS (dystrybucja krajowa),"nargilashopbeograd.rs/kontakt/ (2026-08-19, Yala Habibi d.o.o. Kneginje Zorke 41, PIB 108828706, MB 21075728, delatnost 4639) + linkedin.com/company/el-nil-company (2026-08-19, EL NIL COMPANY 2007; Yala Habibi spin-off 2015) + nargilashopbeograd.rs (2026-08-19, Aladin; Nakhla; Al Fakher; distributer za Srbję i BiH) | OUT-OF-SCOPE: Serbia",🆕 NEW | ⚠️ OUT-OF-SCOPE: Serbia | 🏆 TOP B5 SHISHA 2026-09-03 ⏳ PENDING_API,
RS,RS-B-006,Inhalika d.o.o.,Beograd (Meljak),Meljak; Ibarški put 68 (sedište; 3 lokale w Beogradu: Živka Davidovića 86 Zvezdara + 2 inne),https://inhalika.rs,średni,🟡,"APR Serbia — PIB 107508093, delatność e-papierosy, wpisana w registar uwozników srodnih proizvoda (duvan.gov.rs 15.1.2024)",RS107508093,,reseller,,,4,B4,średni,wysoki,Sieciowy retailer (3 lokale) + e-commerce,,Vlasnik (imię do potwierdzenia w APR),Vlasnik,,,+381 64 8278-163,Sieć 3 lokali e-papierosy w Beogradu. PIB potwierdzony w rejestrze. Out-of-scope. | ❓ niepotwierdzony e-mail znaleziony w źródle: inhalika@info (nie jest poprawnym adresem) | Brand/Web: inhalika.rs | Profil/Sourcing: Wpisana w oficjalny rejestr uwoźników duvan.gov.rs. 3 lokale w Beogradu. | www: do potwierdzenia | marki_nabijarki: NIE sprzedaje maszynek — fokus: e-papierosy; e-tečnosti; akcesoria,,https://www.facebook.com/inhalika/,,,2026-08-19,RS (dystrybucja krajowa),"duvan.gov.rs (2026-08-19, PIB 107508093, Meljak Ibarški put 68) + planplus.rs (2026-08-19, Inhalika 3 lokale Beograd, +381 64 8278-163) | OUT-OF-SCOPE: Serbia",🆕 NEW | ⚠️ OUT-OF-SCOPE: Serbia | 🏷️ NO WWW potwierdzony 2026-09-03 ⏳ PENDING_API,
RS,RS-B-007,RELX Distribution SEE d.o.o. (RELX Serbia),Novi Beograd,"Bulevar Mihajla Pupina 10v, Novi Beograd (sedište)",https://www.relx.com/rs,duży,🟢,"APR Serbia — PIB 112483638, delatność dystrybucja e-papierosów RELX, wpisana w registar uwozników",RS112483638,,hurtownik,,,4,B4,średni,wysoki,Dystrybucja B2B (RELX brand) + e-commerce,,RELX regional manager (imię do potwierdzenia),Regional Manager SEE,,info@relx.rs,,Dystrybutor RELX (top marka e-papierosów) na Srbję + SEE. Out-of-scope dla BILLS PowerMatic; ale potencjalnie warto monitorować ceny RELX w regionie. | Telefon roboczy: +381 do potwierdzenia | Profil/Sourcing: Dystrybutor RELX na Srbję (SEE region). Marka premium w segmencie e-papierosów. Cross-sell: PowerMatic NIE; ale RELX Infinity 2 tak. | www: do potwierdzenia | marki_nabijarki: NIE sprzedaje maszynek — fokus: dystrybucja RELX e-papierosów i podów w Srbii,,https://www.facebook.com/RELXSerbia/,,,2026-08-19,RS (dystrybucja krajowa),"duvan.gov.rs (2026-08-19, PIB 112483638, Bulevar Mihajla Pupina 10v Novi Beograd) | OUT-OF-SCOPE: Serbia",🆕 NEW | ⚠️ OUT-OF-SCOPE: Serbia | 🏆 TOP B4 BIG BRAND 2026-09-03 ⏳ PENDING_API,
RS,RS-B-008,British American Tobacco South-East Europe d.o.o. (BAT SEE),Novi Beograd,"Bulevar Milutina Milankovića 1ž, Novi Beograd (sedište)",https://www.bat.com,duży,🟢,"APR Serbia — PIB 100000065, delatność dystrybucja wyrobów tytoniowych BAT, wpisana w registar uwozników",RS100000065,,producent,,,5,B8,średni,wysoki,Dystrybucja B2B (hurt) + e-commerce BAT,,Regional director SEE (imię do potwierdzenia),Regional Director SEE,,info@bat.com,,Big Tobacco (BAT) na Srbję. Dystrybutor papierosów + glo + Velo. Out-of-scope. | Telefon roboczy: +381 do potwierdzenia | Profil/Sourcing: Córka British American Tobacco na SEE. Dystrybutor papierosów + urządzeń glo + saszetek nikotynowych Velo. Skala międzynarodowa. Out-of-scope dla BILLS PL. | marki_nabijarki: NIE sprzedaje maszynek — fokus: papierosy BAT (Lucky Strike; Pall Mall; Kent; Dunhill; Vogue); urządzenia grzewcze (glo); nikotynki (Velo),https://www.linkedin.com/company/british-american-tobacco,https://www.facebook.com/BATSerbia/,,,2026-08-19,RS (dystrybucja krajowa),"duvan.gov.rs (2026-08-19, PIB 100000065, Bulevar Milutina Milankovića 1ž Novi Beograd) | OUT-OF-SCOPE: Serbia",🆕 NEW | ⚠️ OUT-OF-SCOPE: Serbia | 🏆 BIG TOBACCO 2026-09-03 ⏳ PENDING_API,
RS,RS-B-009,Apride Hookah d.o.o.,Mladenovac,"Doktora Rusa 13, Mladenovac (varoš)",,mały,🟡,"APR Serbia — PIB 113192580, delatność hookah / nargile, wpisana w registar uwozników srodnih proizvoda (duvan.gov.rs 15.1.2024)",RS113192580,2014,hurtownik,,,4,B5,średni,wysoki,Dystrybucja B2B (hookah),,Vlasnik (imię do potwierdzenia),Vlasnik,,,,Mali dystrybutor hookah w Mladenovacu. PIB potwierdzony. Out-of-scope. | Telefon roboczy: +381 do potwierdzenia | facebook: do potwierdzenia | marki_nabijarki: NIE sprzedaje maszynek — fokus: nargile; pribor; hookah,,https://www.facebook.com/,,,2026-08-19,Mali importer/distrybutor hookah. Sedište w Mladenovacu (przedmieścia Beogradu).,"duvan.gov.rs (2026-08-19, PIB 113192580, Doktora Rusa 13 Mladenovac) | OUT-OF-SCOPE: Serbia",🆕 NEW | ⚠️ OUT-OF-SCOPE: Serbia | 🏷️ NO WWW 2026-09-03 ⏳ PENDING_API,
RS,RS-B-010,Pezeta,Novi Sad,3 lokale: Hadži Ruvimova 27; Bulevar cara Lazara 92; Narodnog fronta 4 (Novi Sad),https://www.pezeta.rs/page1.html,mały,🟡,APR Serbia — do potwierdzenia,,,reseller,,,4,B6,średni,średni,Sieciowy retailer (3 lokale) + e-commerce,,Vlasnik (imię do potwierdzenia),Vlasnik,,,,Sieć 3 trafik/tobacco w Novym Sadzie. Sprzedaje duvan; filteri; pribor. Out-of-scope. | Brand/Web: pezeta.rs | Telefon roboczy: +381 do potwierdzenia | Profil/Sourcing: 3 lokale w Novym Sadzie. Sklep stacjonarny + online. Skala: regionalna (Vojvodina). Out-of-scope dla BILLS PL. | marki_nabijarki: Duvan rezani; Rizle; Filteri za motanje (OCB; Smoking; Raw; Rizla+; Gizeh); Pribor za pušenje (muštikle; oprema za lule); Prazne cigarete (Royk),,https://www.facebook.com/pezetans/,,,2026-08-19,RS (dystrybucja krajowa),"pezeta.rs (2026-08-19, 3 lokale Novi Sad, duvan + rizle + filteri) | OUT-OF-SCOPE: Serbia",🆕 NEW | ⚠️ OUT-OF-SCOPE: Serbia | 🏷️ NO PIB 2026-09-03 ⏳ PENDING_API,
RS,RS-B-011,GrafArt d.o.o. (Trafike GrafArt / trafika.online),Beograd (Zvezdara),"Zrenjaninski put 84c, 11210 Beograd",https://www.trafika.online,średni,🟢,"APR Serbia — PIB 105459276, MB 20385944, delatność sieć trafik",RS105459276,,reseller,,,4,B6,średni,średni,Sieciowy retailer (trafiki) + e-commerce (trafika.online),,Grafart osnivač (imię do potwierdzenia),Osnivač / Direktor,,,,🏆 TOP B6 LEAD — GrafArt to sieć trafik/convenient shop w Srbii z e-commerce. Pełen asortyment tytoniowy włącznie z mašinice za uvijanje. Out-of-scope dla BILLS PL ale warto monitorować ceny rynkowe. | Telefon roboczy: +381 do potwierdzenia | Profil/Sourcing: Sieć trafik/convenient/gift shop — rozszerza się w największych miastach Srbii. Online shop + lokale stacjonarne. Asortyment pełny (duvan; lule; mašinice). | marki_nabijarki: Duvan; Cigarete; Cigare; Cigarilosi; Upaljači; Šibice; Lule; Duvan za lule; Oprema za lule; Rizle; Papir za uvijanje; Filteri; Mašinice za uvijanje (rodzaj niepotwierdzony),,https://www.facebook.com/grafartdoo/,,,2026-08-19,RS (dystrybucja krajowa),"poslovi.infostud.com/poslodavac/grafart/10874 (2026-08-19, Zrenjaninski put 84c Beograd, PIB 105459276, MB 20385944; sieć trafik; mašinice za uvijanje) + trafika.online (2026-08-19, e-commerce, rezani duvan + prazne cigarete) | OUT-OF-SCOPE: Serbia",🆕 NEW | ⚠️ OUT-OF-SCOPE: Serbia | 🏆 TOP B6 SIEĆ 2026-09-03 ⏳ PENDING_API,
RS,RS-B-012,Aficionado / Zojla d.o.o.,Beograd,"Čarlija Čaplina 1, Beograd (Palilula) + Libertador Cigar World (Gospodar Jevremova 50) + Libertador Cigar Lounge (Strahinjića Bana 2) + La Casa del Habano (Knjeginje Zorke 2)",https://aficionado.rs,mały,🟡,"APR Serbia — do potwierdzenia (wiele lokalnych cigar shopów, mix właścicieli)",,,detalista,,,2,B2,średni,niski,Specialty retail (cigars) + e-commerce,,Zojla d.o.o. vlasnik (imię do potwierdzenia),Vlasnik,,,+381 64 151 5333,Segment premium cigar shop w Beogradu. Zojla d.o.o. i Libertador to prawdopodobnie osobne firmy — do zweryfikowania w APR. Out-of-scope. | Brand/Web: aficionado.rs | Wszystkie telefony: +381 64 151 5333 | +381 64 277 7765 | +381 63 530 807 | +381 11 383 0533 | marki_nabijarki: Cigary premium (La Casa del Habano; Davidoff; Cuban); Lule; Duhanski pribor premium; Premium spirits,,https://www.facebook.com/aficionado.beograd/,,,2026-08-19,Cigar shop & spirits — segment premium. Mix właścicieli (Zojla d.o.o. + Libertador + La Casa del Habano). Wysoki AOV. Out-of-scope.,"aficionado.rs/distributivna-mesta/ (2026-08-19, Aficionado + Libertador Cigar World + La Casa del Habano, Beograd) | OUT-OF-SCOPE: Serbia",🆕 NEW | ⚠️ OUT-OF-SCOPE: Serbia | 🏷️ NO PIB 2026-09-03 ⏳ PENDING_API,
RS,RS-B-013,Top E Cigarete d.o.o.,Beograd,Adres siedziby do potwierdzenia w APR,https://www.topecigarete.rs,mały,🟡,APR Serbia — do potwierdzenia,,2009,hurtownik,,,4,B4,średni,wysoki,E-commerce + import B2C,,Vlasnik (imię do potwierdzenia),Vlasnik,,topecigarete@gmail.com,,Importer e-papierosów + e-commerce. Out-of-scope. | Brand/Web: topecigarete.rs | Telefon roboczy: +381 do potwierdzenia | marki_nabijarki: NIE sprzedaje maszynek — fokus: import + on-line sprzedaż e-papierosów i e-tečnosti (KangerTech; Vision; VapeOnly; Eleaf; KTS),,https://www.facebook.com/topecigarete/,,,2026-08-19,Top E Cigarete to importer + sklep online. Specjalizacja: premium e-papierosy + liquidy. Out-of-scope.,"topecigarete.rs/o-nama/ (2026-08-19, Top E Cigarete doo Beograd, uvoz + on-line, KangerTech; Vision; VapeOnly; Eleaf; KTS; topecigarete@gmail.com) | OUT-OF-SCOPE: Serbia",🆕 NEW | ⚠️ OUT-OF-SCOPE: Serbia | 🏷️ NO PIB 2026-09-03 ⏳ PENDING_API,
RS,RS-B-014,Smart Vape,Beograd,"Adres do potwierdzenia (prawdopodobnie Jug Bogdanova 5-7, Savski Venac)",https://smartvape.store,mały,🟡,APR Serbia — do potwierdzenia,,,reseller,,,4,B4,średni,wysoki,Sieciowy retailer (3 lokale) + e-commerce,,Vlasnik (imię do potwierdzenia),Vlasnik,,,+381 11 670 5553,Sieć 3 lokali e-papierosy w Beogradu. Out-of-scope. | Profil: smartvape.store | Wszystkie telefony: +381 11 670 5553 (planplus.rs) | Profil/Sourcing: 3 lokale w Beogradu. Out-of-scope. | marki_nabijarki: NIE sprzedaje maszynek — fokus: e-papierosy; e-tečnosti; akcesoria,,https://www.facebook.com/smartvape/,,,2026-08-19,RS (dystrybucja krajowa),"smartvape.store (2026-08-19, smart vape beograd e-papierosy) + planplus.rs (2026-08-19, Smart Vape Jug Bogdanova 5-7, +381 11 670 5553, 3 lokale) | OUT-OF-SCOPE: Serbia",🆕 NEW | ⚠️ OUT-OF-SCOPE: Serbia | 🏷️ NO PIB 2026-09-03 ⏳ PENDING_API,
RS,RS-B-015,Royal Hookah Lounge,Beograd,Lokalizacja w centrum Beogradu (Stari Grad) — adres do potwierdzenia,https://royalloungebelgrade.com,mały,🟡,APR Serbia — do potwierdzenia (firma rodzinna / pojedynczy przedsiębiorca),,2016,detalista,,,4,B5,średni,wysoki,Hospitality (shisha lounge),,Vlasnik (imię do potwierdzenia),Vlasnik,,,+381 11 407 5199,Shisha bar w Stari Grad. Out-of-scope. | Brand/Web: royalloungebelgrade.com | Profil/Sourcing: Shisha bar & lounge w centrum Beogradu (Stari Grad). Otwarty 2016. Cena nargili 600 din (~5 EUR). Out-of-scope. | marki_nabijarki: NIE sprzedaje maszynek — fokus: nargile (hookah); kawa; drinki; koktajle. Nargila od 600 din.,,,https://www.instagram.com/royalloungebelgrade/,,2026-08-19,RS (dystrybucja krajowa),"royalloungebelgrade.com (2026-08-19, Royal Lounge Beograd, shisha bar 2016, nargila 600 din) | OUT-OF-SCOPE: Serbia",🆕 NEW | ⚠️ OUT-OF-SCOPE: Serbia | 🏷️ NO PIB 2026-09-03 ⏳ PENDING_API,
RS,RS-B-016,Julieta D.O.O.,,,https://julieta.biz,,,,,,hurtownik,,,3,B5,średni,średni,B2B wholesale,,,,,davidoff_belgrade@julieta.biz,+381 62 202 282,"RS leading premium cigars importer/distributor, La Casa del Habano franchise, 3 Belgrade locations",,,,,,manual-google-search-2026-09-01,,FROZEN 2026-09-03 ⏳ PENDING_API,
RS,RS-B-017,INGRAS DOO,,,https://www.europages.co.uk/companies/serbia/tobacco.html,,,,,,hurtownik,,,3,B5,średni,średni,B2B wholesale,,,,,,,"RS regional tobacco wholesale + sensors (Novi Sad, 1992)",,,,,,manual-google-search-2026-09-01,,FROZEN 2026-09-03 ⏳ PENDING_API,
RS,RS-B-018,CVIJIĆ KOMERC,,,https://www.europages.co.uk/companies/serbia/tobacco.html,,,,,,hurtownik,,,3,B5,średni,średni,B2B wholesale,,,,,,,"RS wholesale tobacco, Banatsko Novo Selo",,,,,,manual-google-search-2026-09-01,,FROZEN 2026-09-03 ⏳ PENDING_API,
RS,RS-B-019,B.M.D. d.o.o.,,,https://www.europages.co.uk/companies/serbia/tobacco.html,,,,,,hurtownik,,,3,B5,średni,średni,B2B wholesale,,,,,,,"RS wholesale tobacco, Belgrade",,,,,,manual-google-search-2026-09-01,,FROZEN 2026-09-03 ⏳ PENDING_API,
RS,RS-B-020,Julieta D.O.O.,Beograd,"Kneginje Zorke 2, 11000 Beograd (HQ)",https://julieta.biz,,,,,,hurtownik,,,5,B2,średni,wysoki,B2B wholesale,,,,,office@julieta.biz,+381 11 3830 533,"RS exclusive Habanos + Davidoff importer. 700+ retail points (HoReCa, petrol stations, shopping centers). Also rolling & pipe tobacco + luxury accessories. Cross-sell: packaging, rolling accessories.",,,,,,manual-google-search-2026-09-01-repeated,,FROZEN 2026-09-03 ⏳ PENDING_API,
RS,RS-B-021,DIREKTNA TRGOVINA d.o.o.,Beograd,"Beograd (Zemun), Srbija",,,,,,,hurtownik,,,3,B2,średni,średni,B2B wholesale,,,,,,,RS tobacco wholesale from Kompass listing.,,,,,,manual-google-search-2026-09-01-repeated,,DO-WERYFIKACJI 2026-09-03 ⏳ PENDING_API,
RS,RS-B-022,B.M.D. d.o.o.,Beograd,"Beograd (Novi Beograd), Srbija",,,,,,,hurtownik,,,3,B2,średni,średni,B2B wholesale,,,,,,,RS tobacco wholesale from Kompass listing.,,,,,,manual-google-search-2026-09-01-repeated,,DO-WERYFIKACJI 2026-09-03 ⏳ PENDING_API,
RS,RS-B-023,TR Staki d.o.o.,Beograd,"Crnotravska 11, 11000 Beograd",https://tobaccoshopstaki.rs,średni,🟢,,,,hurtownik,,,4,B5,mały,wysoki,B2B wholesale + retail,,,,,trgovinasalestaki@gmail.rs,+381 11 452 70 33,"Veleprodaja duvana, mašinica, upaljača i svega ostalog. Prodaje Gizeh masinice (ključna marka za PowerMatic!). Sirok izbor duvana, mašinica, upaljača. 2 lokala w Beogradzie. Kontakt: trgovinasalestaki@gmail.rs | marki_nabijarki: Gizeh, masinice, rizli, upaljači, tabakere",,,,,2026-09-01,manual-google-search-2026-09-01-repeat,tobaccoshopstaki.rs (2026-09-01),FROZEN 2026-09-03 ⏳ PENDING_API,
RS,RS-B-024,Dinamic Tobacco d.o.o.,Beograd,Beograd (adres do weryfikacji w APR),https://www.dinamictobacco.rs,średni,🟡,,,,hurtownik,,,3,B5,duży,średni,B2B wholesale,,,,,,,"Dystrybutor duvana premium za motanje w Serbii i regionie. ""Od tada Dinamic Tobacco doo posluje izuzetno uspešno na teritoriji Srbije kao i regionu."" URL zwraca HTTP 403 — strona może być zablokowana lub przeciążona. | marki_nabijarki: duvan za motanje, premium duvan",,,,,2026-09-01,manual-google-search-2026-09-01-repeat,"dinamictobacco.rs (HTTP 403, 2026-09-01)",DO-WERYFIKACJI 2026-09-03 ⏳ PENDING_API,
