region_kod,region_nazwa,region_typ,related_to,rok_zalozenia,id_unikalne,kategoria,nazwa_firmy,kraj,miasto,adres,nip_vat,rejestr_id,www,kanal_zamiennik,email,telefon,linkedin,facebook,instagram,tiktok,tier,marki_nabijarki,marka_wlasna_oem,sourcing,wolumen,confidence_wolumen,kanal_sprzedaży,powinowactwo_nabijarki,cross_sell_potential,decydent,stanowisko,email_decydent,zrodlo_danych,data_weryfikacji,flagi,notatki,rynek_skala,_krs
LB,lubuskie,województwo,,2005,PL-B-LB-001,B6,CK COMPLEX SPÓŁKA Z OGRANICZONA ODPOWIEDZIALNOŚCIĄ,PL,Zielona Góra,"ul. Naftowa 4, 65-705",PL9291744080,KRS 0000237218,https://ckcomplex.pl,brak,info@ckcomplex.pl,+48 68 452 12 30,linkedin.com/company/ck-complex-sp.-z-o.o.,CKComplex,ckcomplexspzoo,,reseller,nie (tylko vape/elektronika),"tak (SPARK, CK Lighters, Hotlight)",Chiny (import),duży 🟢,hurtownia + sieć 100+ sklepów własnych,3,brak,n/a,Paweł Szymański,Prezes Zarządu,brak,KRS API + web search + VIES | VIES confirmed 2026-08-11T00:19:10.115Z | KRS API 0000237218 (partial),2026-08-10,QS: 90/100 | 🐋 ✅VIES ✅KRS✓ 2026-08-12 ✅ FROZEN (API),Sieć 100+ sklepów vape. Dystrybutor SMOK/VooPoo/Aspire/Vaporesso. Kapitał 50k PLN. Rejestracja 2005. PKD 4690Z (hurt niewyspecjalizowana). Kandydat cross-sell jeśli któryś z jego sklepów chce rozszerzyć o asortyment,duży,0000237218
ZP,zachodniopomorskie,województwo,,,PL-B-ZP-001,B4,F.H.U. ALPIK RYSZARD TRZCIŃSKI (brand: BongoGo.pl),PL,Szczecin,"ul. Bolesława Krzywoustego 51, 70-317",PL9551541914,JDG (CEIDG),https://bongogo.pl,Allegro shop,kontakt@bongogo.pl,+48 601 779 697,brak,BongoGoPL,bongogo,,detalista,nie,nie,do weryfikacji,mały 🟡,sklep stacjonarny + hurtownia,5,średni,Ryszard Trzciński,właściciel,brak,CEIDG API + web search,CEIDG API + web search + VIES | VIES confirmed 2026-08-11T00:19:13.918Z,2026-08-10,QS: 90/100 | 🟢 ✅VIES 2026-08-12 ✅ FROZEN (API),"Brand BongGo.pl = F.H.U. ALPIK. Sklep stacjonarny w Szczecinie, panel hurtowy dla firm. Powiązany z bongosklep.firmy.net. Weryfikacja czy importuje maszynki - prawdopodobnie tak (panel hurtowy sugeruje) ⚠️ DO-WERYFIKACJI",duży,
LD,łódzkie,województwo,,,PL-B-LD-001,B4,GABIMIX KRZYSZTOF JASZCZAK (brand: Dopalenia.pl),PL,Konstantynów Łódzki,"pl. Kościuszki 20, 95-050",PL7311693836,JDG (CEIDG),https://www.dopalenia.pl,Allegro shop,sklep@dopalenia.pl,+48 665 852 033,brak,dopalenia,brak,,detalista,nie,nie,do weryfikacji,mały 🟡,sklep + hurtownia,5,wysoki,Krzysztof Jaszczak,właściciel,brak,CEIDG + web search,KRS API / CEIDG API + web search 2026-08-10 | VIES confirmed 2026-08-11T00:19:02.088Z,2026-08-10,QS: 90/100 | 🟢 ✅VIES 2026-08-12 ✅ FROZEN (API),Brand Dopalenia.pl = Gabimix. Strona + hurtownia. Prawdopodobnie sprzedaje maszynki (typowy asortyment sklepu tytoniowego). Status AKTYWNY w CEIDG. Kandydat cross-sell ⚠️ DO-WERYFIKACJI,duży,
ZP,zachodniopomorskie,województwo,,2011,PL-B-ZP-002,B8,POLSKA GRUPA TYTONIOWA SPÓŁKA Z OGRANICZONĄ ODPOWIEDZIALNOŚCIĄ,PL,Wierzbnica (pow. myśliborski),"Wierzbnica 63A, 74-300 Myślibórz",PL4980260426,KRS 0000396744,http://polskagt.pl,biuro oddziałów,biuro@polskagt.pl,+48 502 399 832,brak,polskagt,polskagt_pl,,hurtownik,nie,nie,Polska (dystrybucja od 2002),duży 🟢,hurtownia ogólnopolska + biuro Piekary Śląskie (Bytomska 359),5,wysoki,Robert Biela (33% udziałów) + Barbara Urcus-Wargocka (33%) + Robert Rutkowski (33%),wspólnicy (równe udziały),biuro@polskagt.pl,KRS API + polskagt.pl + krs-online.com,KRS API / CEIDG API + web search 2026-08-10 | VIES confirmed 2026-08-11T00:18:52.103Z | KRS API 0000396744,2026-08-10 ✅ FROZEN (API),"QS: 90/100 | 🐋 OGÓLNOPOLSKA hurtownia tytoniowa + akcesoria do palenia. Dystrybucja od 2002 (JDG → sp.k. 2020 → sp. z o.o. aktywna 2011). Siedziba: Wierzbnica 63A, 74-300 Myślibórz. Biuro/oddział: Piekary Śląskie, Bytomska 359 (NIP 4980260426). Oddziały operacyjne: Myślibórz, Bydgoszcz, Łódź, Warszawa, Piekary Śląskie. Kapitał 5k zł. 3 wspólników po 328 udziałów. Marki papierosów: brak w ofercie (hurtownia). NOT IN USER LIST - Wysoki kandydat cross-sell. ⚠️ Sp. z o.o. (KRS 0000396744) ≠ dawna sp.k. (KRS 0000848352, WYKREŚLONA 2021) — rozróżnić. ⚠️ Poprzedni wpis miał błędne dane: Bydgoszcz, Pińczowska 8, JDG — to adres biura, NIE siedziba ✅VIES ✅KRS 2026-08-12 ✅ FROZEN (API)",duży,,0000396744
XX,Polska,województwo,brak,brak,PL-B-XX-010,B8,DRV DISTRIBUTION Sp. z o.o.,PL,Lubartów,Lubartów (dokładny adres do weryfikacji),PL7142066366,KRS 0001190453,brak,brak,brak,brak,brak,brak,brak,brak,hurtownik,brak,brak,brak,brak,brak,4,średni,do ustalenia (zarząd KRS),Jakub Golonka,Prezes / CEO,brak,KRS API / CEIDG API + web search 2026-08-10 | VIES confirmed 2026-08-11T00:19:00.531Z | KRS API 0001190453,2026-08-10,QS: 75/100 | ✅VIES ✅KRS 2026-08-12 ✅ FROZEN (API),"KRS API: 0001190453, NIP 7142066366, REGON 54258176700000, siedziba LUBARTÓW (LUBELSKIE). Kapitał: ? PLN. Do weryfikacji: pełny adres (ulica, nr), decydent, kanał sprzedaży, asortyment (czy mają maszynki do tytoniu).",duży,0001190453
XX,Polska,województwo,brak,brak,PL-B-XX-011,B8,VTP Sp. z o.o.,PL,Lublin,Lublin (dokładny adres do weryfikacji),PL9462714112,KRS 0000948471,brak,brak,brak,brak,brak,brak,brak,brak,hurtownik,brak,brak,brak,brak,brak,4,średni,do ustalenia,Michał Piskor,Dział Eksportu,brak,KRS API / CEIDG API + web search 2026-08-10 | VIES confirmed 2026-08-11T00:19:10.798Z | KRS API 0000948471,2026-08-10,QS: 75/100 | ✅VIES ✅KRS 2026-08-12 ✅ FROZEN (API),"KRS API: 0000948471, NIP 9462714112, REGON 52101734200000, siedziba LUBLIN (LUBELSKIE). Kapitał: ? PLN. Do weryfikacji: pełny adres (ulica, nr), decydent, kanał sprzedaży, asortyment (czy mają maszynki do tytoniu).",duży,0000948471
XX,Polska,województwo,brak,brak,PL-B-XX-012,B8,TABASCO VAPE TABAS SPÓŁKA KOMANDYTOWA,PL,Rzeszów,Rzeszów (dokładny adres do weryfikacji),PL5170445620,KRS 0001093977,b2b.tabascovape.pl,brak,biuro@tabascovape.pl,brak,brak,brak,brak,brak,hurtownik,brak,brak,brak,brak,brak,5,wysoki,do ustalenia,DANIEL BARTŁOMIEJ TABAS,komplementariusz,biuro@tabascovape.pl,KRS API / CEIDG API + web search 2026-08-10 | VIES confirmed 2026-08-11T00:18:53.653Z | KRS API 0001093977,2026-08-10,QS: 80/100 | ✅VIES ✅KRS 2026-08-12 ✅ FROZEN (API),"KRS API: 0001093977, NIP 5170445620, REGON 52806034100000, siedziba RZESZÓW (PODKARPACKIE). Kapitał: ? PLN. Do weryfikacji: pełny adres (ulica, nr), decydent, kanał sprzedaży, asortyment (czy mają maszynki do tytoniu).",duży,0001093977
XX,Polska,województwo,brak,brak,PL-B-XX-013,B8,Flowrolls Sp. z o.o.,PL,Gdynia,Gdynia (dokładny adres do weryfikacji),PL5252782453,KRS 0000774565,brak,brak,info@flowrolls.pl,brak,brak,brak,brak,brak,hurtownik,brak,brak,brak,brak,brak,5,wysoki,do ustalenia,Michał Piotr Kuźnik,Prezes Zarządu,info@flowrolls.pl,KRS API / CEIDG API + web search 2026-08-10 | VIES confirmed 2026-08-11T00:18:55.184Z | KRS API 0000774565,2026-08-10,QS: 80/100 | ✅VIES ✅KRS 2026-08-12 ✅ FROZEN (API),"KRS API: 0000774565, NIP 5252782453, REGON 38271953100000, siedziba GDYNIA (POMORSKIE). Kapitał: ? PLN. Do weryfikacji: pełny adres (ulica, nr), decydent, kanał sprzedaży, asortyment (czy mają maszynki do tytoniu).",duży,0000774565
XX,Polska,województwo,brak,brak,PL-B-XX-014,B8,BIODIO LAB Sp. z o.o.,PL,Białystok,Białystok (dokładny adres do weryfikacji),PL5423393334,KRS 0001074861,brak,brak,brak,brak,brak,brak,brak,brak,hurtownik,brak,brak,brak,brak,brak,4,średni,do ustalenia,Izabela Wojciuk,Prezes,brak,KRS API / CEIDG API + web search 2026-08-10 | VIES confirmed 2026-08-11T00:18:56.604Z | KRS API 0001074861,2026-08-10,QS: 75/100 | ✅VIES ✅KRS 2026-08-12 ✅ FROZEN (API),"KRS API: 0001074861, NIP 5423393334, REGON 38543583400000, siedziba BIAŁYSTOK (PODLASKIE). Kapitał: ? PLN. Do weryfikacji: pełny adres (ulica, nr), decydent, kanał sprzedaży, asortyment (czy mają maszynki do tytoniu).",duży,0001074861
XX,Polska,województwo,brak,brak,PL-B-XX-015,B8,WEEDPOL Sp. z o.o.,PL,Katowice,Katowice (dokładny adres do weryfikacji),PL9542835071,KRS 0000922075,www.weedpol.pl,brak,postmaster@weedpol.pl,brak,brak,brak,brak,brak,hurtownik,brak,brak,brak,brak,brak,5,wysoki,do ustalenia,brak,brak,postmaster@weedpol.pl,KRS API / CEIDG API + web search 2026-08-10 | VIES confirmed 2026-08-11T00:19:13.192Z | KRS API 0000922075,2026-08-10,QS: 80/100 | ✅VIES ✅KRS 2026-08-12 ✅ FROZEN (API),"KRS API: 0000922075, NIP 9542835071, REGON 52093491200000, siedziba KATOWICE (ŚLĄSKIE). Kapitał: ? PLN. Do weryfikacji: pełny adres (ulica, nr), decydent, kanał sprzedaży, asortyment (czy mają maszynki do tytoniu).",duży,0000922075
XX,Polska,województwo,brak,brak,PL-B-XX-017,B8,BENATURAL Sp. z o.o.,PL,Warszawa,Warszawa (dokładny adres do weryfikacji),PL7681843587,KRS 0000836728,brak,brak,brak,brak,brak,brak,brak,brak,hurtownik,brak,brak,brak,brak,brak,5,średni,do ustalenia,brak,brak,brak,KRS API / CEIDG API + web search 2026-08-10 | VIES confirmed 2026-08-11T00:19:02.817Z | KRS API 0000836728,2026-08-10,QS: 75/100 | ✅VIES ✅KRS 2026-08-12 ✅ FROZEN (API),"KRS API: 0000836728, NIP 7681843587, REGON 38588359600000, siedziba WARSZAWA (MAZOWIECKIE). Kapitał: ? PLN. Do weryfikacji: pełny adres (ulica, nr), decydent, kanał sprzedaży, asortyment (czy mają maszynki do tytoniu).",duży,0000836728
XX,Polska,województwo,brak,brak,PL-B-XX-018,B8,Tabak Grupa sp. z o.o.,PL,Kalisz,Kalisz (dokładny adres do weryfikacji),PL6181914183,KRS 0000119343,brak,brak,brak,brak,brak,brak,brak,brak,hurtownik,brak,brak,brak,brak,brak,5,średni,do ustalenia,brak,brak,brak,KRS API / CEIDG API + web search 2026-08-10 | VIES confirmed 2026-08-11T00:18:58.426Z | KRS API 0000119343,2026-08-10,QS: 75/100 | ✅VIES ✅KRS 2026-08-12 ✅ FROZEN (API),"KRS API: 0000119343, NIP 6181914183, REGON 25100462100000, siedziba KALISZ (WIELKOPOLSKIE). Kapitał: ? PLN. Do weryfikacji: pełny adres (ulica, nr), decydent, kanał sprzedaży, asortyment (czy mają maszynki do tytoniu).",duży,0000119343
XX,Polska,województwo,brak,brak,PL-B-XX-019,B8,Tobacco Of Poland,PL,Grudziądz,"ul. Czerwonodworna 19, 86-300 Grudziądz",PL8762468378,KRS 0000673961,https://www.tobaccoofpoland.com,"biuro + stacje wykupowe (Grudziądz, Łukowa, Górny Potok)",brak,+48 799 885 995 (Aleks Dudalski - dział handlowy),brak,brak,brak,brak,hurtownik,brak,brak,brak,brak,brak,5,wysoki,Aleks Dudalski (dział handlowy) + Artur Dudalski,brak,brak,brak,KRS API / CEIDG API + web search 2026-08-10 | VIES confirmed 2026-08-11T00:19:07.949Z | KRS API 0000673961 (partial),2026-08-10,QS: 80/100 | + web search ✅VIES ✅KRS✓ 2026-08-12 ✅ FROZEN (API),"🐋 Tobacco Of Poland Sp. z o.o., KRS 0000673961, NIP 8762468378, REGON 366879566, kapitał 500k zł. Siedziba: Grudziądz, ul. Czerwonodworna 19. Magazyn: ul. Budowlanych 10, Grudziądz. Stacje wykupowe tytoniu: Grudziądz, Łukowa (k. Biłgoraja), Górny Potok. Działalność: skup surowych liści tytoniu (Virginia, Burley, Mocny Skroniowski) od plantatorów + dystrybucja do producentów cygar/papierosów/shishy/snusa. ⚠️ Weryfikacja: pełna oferta (czy mają maszynki), relacja z BILLS (hurtownia tytoniu = cross-sell na maszynki). Tel. Aleks Dudalski (dział handlowy, tel. kom. 799 885 992/995), Artur Dudalski. Strona PL i EN.",2026-08-10 ✅ FROZEN,0000673961
XX,Polska,województwo,brak,brak,PL-B-XX-020,B8,Hurtownia Papierosów Sp. z o.o.,PL,Brzeziny,"ul. Adama Mickiewicza 17, 95-060 Brzeziny",PL8330002756,KRS 0000568420,brak,brak,brak,brak,brak,brak,brak,brak,hurtownik,brak,brak,brak,brak,brak,5,średni,do ustalenia (zarząd KRS),brak,brak,brak,KRS API / CEIDG API + web search 2026-08-10 | KRS API 0000568420,2026-08-10,QS: 75/100 | + web search ✅KRS 2026-08-12 ✅ FROZEN (API),"Hurtownia Papierosów Sp. z o.o., KRS 0000568420, NIP 8330002756, REGON 750004750, kapitał 66.5k zł. Siedziba: Brzeziny, ul. Adama Mickiewicza 17 (woj. łódzkie). ⚠️ Uwaga: w aleo.com widnieje też ""Hurtownia Papierosów Andrzej Gryglak, Robert Michalski sp.j."" — to inna firma z tym samym NIP-em (zmiana formy prawnej). Sprawdzić czy sp.j. nadal istnieje, czy jest już zlikwidowana.",2026-08-10 ✅ FROZEN,0000568420
XX,Polska,województwo,brak,brak,PL-B-XX-021,B8,BITLOGIC BARNAŚ SPÓŁKA KOMANDYTOWA,PL,Włocławek,Włocławek (dokładny adres do weryfikacji),PL5223217609,KRS 0000946950,brak,brak,brak,brak,brak,brak,brak,brak,hurtownik,brak,brak,brak,brak,brak,5,średni,do ustalenia,brak,brak,brak,KRS API / CEIDG API + web search 2026-08-10 | VIES confirmed 2026-08-11T00:18:54.484Z | KRS API 0000946950,2026-08-10,QS: 75/100 | ✅VIES ✅KRS 2026-08-12 ✅ FROZEN (API),"KRS API: 0000946950, NIP 5223217609, REGON 52097496900000, siedziba WŁOCŁAWEK (KUJAWSKO-POMORSKIE). Kapitał: ? PLN. Do weryfikacji: pełny adres (ulica, nr), decydent, kanał sprzedaży, asortyment (czy mają maszynki do tytoniu).",duży,0000946950
XX,Polska,województwo,brak,brak,PL-B-XX-022,B8,J&K Dystrybucja sp. z o.o.,PL,Smolec (k. Wrocławia),"Smolec (k. Wrocławia, dokładny adres do weryfikacji)",PL8961612530,KRS 0000965005,brak,brak,dystrybucja.jk@gmail.com,brak,brak,brak,brak,brak,hurtownik,brak,brak,brak,brak,brak,5,wysoki,do ustalenia,brak,brak,brak,KRS API / CEIDG API + web search 2026-08-10 | KRS API 0000965005,2026-08-10,QS: 80/100 | ✅KRS 2026-08-12 ✅ FROZEN (API),"KRS API: 0000965005, NIP 8961612530, REGON 52168439200000, siedziba SMOLEC (DOLNOŚLĄSKIE). Kapitał: ? PLN. Do weryfikacji: pełny adres (ulica, nr), decydent, kanał sprzedaży, asortyment (czy mają maszynki do tytoniu).",duży,0000965005
XX,Polska,województwo,brak,brak,PL-B-XX-023,B8,CLOUD HOLDING SPÓŁKA Z OGRANICZONĄ ODPOWIEDZIALNOŚCIĄ,PL,Gdańsk,Gdańsk (dokładny adres do weryfikacji),PL9571110560,KRS 0000998700,brak,brak,brak,brak,brak,brak,brak,brak,hurtownik,brak,brak,brak,brak,brak,4,średni,do ustalenia,brak,brak,brak,KRS API / CEIDG API + web search 2026-08-10 | VIES confirmed 2026-08-11T00:19:14.898Z | KRS API 0000998700,2026-08-10,QS: 75/100 | ✅VIES ✅KRS 2026-08-12 ✅ FROZEN (API),"KRS API: 0000998700, NIP 9571110560, REGON 38169493500000, siedziba GDAŃSK (POMORSKIE). Kapitał: ? PLN. Do weryfikacji: pełny adres (ulica, nr), decydent, kanał sprzedaży, asortyment (czy mają maszynki do tytoniu).",duży,0000998700
XX,Polska,województwo,brak,brak,PL-B-XX-024,B8,Vape.pl Sp. z o.o.,PL,Zawiercie,Zawiercie (dokładny adres do weryfikacji),PL6492327111,KRS 0000999396,brak,brak,brak,brak,brak,brak,brak,brak,hurtownik,brak,brak,brak,brak,brak,5,średni,do ustalenia,brak,brak,brak,KRS API / CEIDG API + web search 2026-08-10 | KRS API 0000999396,2026-08-10,QS: 75/100 | ✅KRS 2026-08-12 ✅ FROZEN (API),"KRS API: 0000999396, NIP 6492327111, REGON 52350082900000, siedziba ZAWIERCIE (ŚLĄSKIE). Kapitał: ? PLN. Do weryfikacji: pełny adres (ulica, nr), decydent, kanał sprzedaży, asortyment (czy mają maszynki do tytoniu).",duży,0000999396
XX,Polska,województwo,brak,brak,PL-B-XX-025,B8,Hurtownia KING Krzysztof Król,PL,Szczecin,"ul. Świerczewska 68, 71-066 Szczecin",PL8511005882,JDG (CEIDG),https://kinghurt.pl,brak,bok@kinghurt.pl,"+48 609 641 400, +48 603 580 032",brak,brak,brak,brak,hurtownik,brak,brak,brak,brak,brak,5,wysoki,Krzysztof Król (właściciel JDG),brak,brak,brak,KRS API / CEIDG API + web search 2026-08-10 | VIES confirmed 2026-08-11T00:19:06.399Z,2026-08-10,QS: 85/100 | + web search ✅VIES 2026-08-12 ✅ FROZEN (API),"🐋 Hurtownia KING Krzysztof Król (Szczecin, ul. Świerczewska 68). JDG od 2000-05-01. PKD główne 46.35.Z (sprzedaż hurtowa wyrobów tytoniowych). REGON 810172286. Własna strona kinghurt.pl. Oddziały: Gdynia (ul. Krzywoustego 6, tel 58 663 24 45). Centrala Pn-Pt 7-19, Sob 7-12. Bogata oferta tytoniowa. ⚠️ Weryfikacja: czy mają maszynki (typowy asortyment hurtowni tytoniowej) i jaki to kanał (online, B2B, detal).",2026-08-10 ✅ FROZEN,
MZ,mazowieckie,województwo,brak,brak,PL-B-XX-026,B8,POLSKI TYTOŃ SPÓŁKA AKCYJNA,PL,Radom,"ul. Tartaczna 29, 26-600 Radom",PL9482622620,KRS 0000847239,polskityton.pl,brak,sekretariat@polskityton.pl,+48 48 341 32 00,brak,brak,brak,brak,hurtownik,brak,brak,brak,"duży 🟢 (15k+ sklepów, 18.3M PLN kapitału, 16+ oddziałów regionalnych)",brak,"hurt B2B ogólnopolski + 16 oddziałów (Białystok, Bydgoszcz, Gdańsk, Gorzów, Grudziądz, Kielce, Kraków, Lublin, Łódź, Poznań, Rzeszów, Szczecinek, Warszawa, Wrocław, Zamość, Żory)",wysoki,do ustalenia,do ustalenia (zarząd SA),zarząd SA,brak,L1 web search (polskityton.pl + gowork.pl + sprytnykupiec.pl) + KRS API | VIES confirmed 2026-08-11T00:19:11.524Z | KRS API 0000847239,2026-08-11,QS: 90/100 | 🔍 🐋 (L1+KRS+web multi-source) — Intel update: full address + kapitał + 16 oddziałów + 15k sklepów ✅VIES ✅KRS 2026-08-12 ✅ FROZEN (API),"🐋 DUŻY GRACZ. Polski Tytoń S.A. - jeden z największych dystrybutorów FMCG/tytoniowych w PL. 15k+ sklepów, 16+ oddziałów regionalnych, kapitał 18 280 540 PLN, REGON 386390499. Nie ma asortymentu nabijarek wprost (papierosy gotowe + FMCG + alkohol + leki), ale ich kanał detaliczny 15k+ sklepów to potencjalni klienci końcowi i pośredni dla BILLS. KRS 0000847239, NIP 948-26-22-620, adres: ul. Tartaczna 29, 26-600 Radom. Współpracuje z kilkunastoma tysiącami sklepów + stacje benzynowe + HoReCa. Strategic cross-sell opportunity na skalę kraju. PUNKT KONTAKTU: Dział Obsługi Klienta centrala 608 023 300.",duży,0000847239
PK,podkarpackie,województwo,,2012,PL-B-PK-001,B4,ELENPIPE SPÓŁKA Z OGRANICZONĄ ODPOWIEDZIALNOŚCIĄ,PL,Przemyśl (biuro operacyjne) / Sienno Dolne (siedziba rejestrowa),"Siedziba: Sienno Dolne 26/5, 72-316 (pow. łobeski, zachodniopomorskie). Biuro: ul. Chodkiewicza 35A, 37-700 Przemyśl",PL7952526523,KRS 0000445021,https://www.elenpipe-sw.com,Allegro user 34794518,elenpipe.pl@gmail.com,"+48 16 675 02 07, +48 729 306 784",brak,elenpipe,elenpipe_pl,brak,hurt-detal specjalistyczny,brak (fajki/cygarniczki/humidory/zapalniczki/shishe),tak (ELENPIPE®),"Polska (własna produkcja) + import (Mr.Bróg, ALDO MORELLI, Angelo)","mały 🟡 (2 pracowników 2014, spadek przychodów -31.52% w 2023)",hurt+detal online + Allegro,4,średni,do ustalenia (zarząd KRS),zarząd,do ustalenia,KRS API + elenpipe.com + emis.com,KRS API / CEIDG API + web search 2026-08-10 | VIES confirmed 2026-08-11T00:19:04.259Z | KRS API 0000445021,2026-08-10 ✅ FROZEN (API),"QS: 90/100 | Producent/importer fajek, cygarniczek, humidorów, papierośnic, zapalniczek, shishe. Własna marka ELENPIPE®. Dystrybuuje też Mr.Bróg, ALDO MORELLI, Angelo. Założona . ⚠️ Siedziba rejestrowa w woj. zachodniopomorskim (Sienno Dolne), biuro operacyjne w Przemyślu. Prawdopodobnie dystrybuuje też akcesoria do papierosów (shishe, zapalniczki). ✅VIES ✅KRS 2026-08-12 ✅ FROZEN (API)",duży,,0000445021
MZ,mazowieckie,województwo,,2014,PL-B-MZ-001,B8,ORION TOBACCO POLAND SPÓŁKA Z OGRANICZONĄ ODPOWIEDZIALNOŚCIĄ,PL,Goszczyn (Jakubów),"Jakubów 5, 05-610 Goszczyn",PL7252077543,KRS 0000513841,https://www.orion-orion.pl,brak,orion@orion.mail.pl,+48 48 663 21 90,brak,oriontobaccopoland,orion_tobacco_pl,brak,producent papierosów + dystrybutor hurt,"brak (własne marki: Vabanque, Sting, Taboo, Orion, Verso, Tennesie, Baker Street, Guliwer, Barkleys, Corset)",tak (10 marek własnych papierosów),produkcja własna (Polska),"duży 🟢 (1.8 mld szt papierosów rocznie, kapitał 10M PLN)",produkcja + dystrybucja hurt + export,4,wysoki,"Jerzy Czernek (88 tys. udziałów, 4.4M PLN) + Łukasz M***** (102 tys. udziałów, 5.1M PLN)",wspólnicy sp. z o.o.,karolina@orion.mail.pl (sprzedaż krajowa),KRS API + gov.pl koncesja + orion-orion.pl,KRS API / CEIDG API + web search 2026-08-10 | VIES confirmed 2026-08-11T00:19:01.393Z | KRS API 0000513841,2026-08-10 ✅ FROZEN (API),"QS: 90/100 | 🐋 PRZENIESIONY Z KATALOGU A (był PL-A-MZ-001, A4) → katalog B (PL-B-MZ-001, B8). Powód: nie dystrybuuje maszynek, jest PRODUCENTEM papierosów. PKD 12.00.Z Produkcja wyrobów tytoniowych. Kapitał 10M PLN. Koncesja rządowa: wytwarzanie 2.4M kg tytoń + 1.8 mld szt papierosów + 20M cygar rocznie. 10 własnych marek. Własny dział sprzedaży kraj + export + 9 handlowców regionalnych. Topowy partner cross-sell: mają papierosy i siatkę dystrybucji do 100k punktów. ✅VIES ✅KRS 2026-08-12 ✅ FROZEN (API)",duży,,0000513841
XX,Polska,województwo,brak,brak,PL-B-XX-055,B8,BISTA STANDARD SPÓŁKA Z OGRANICZONĄ ODPOWIEDZIALNOŚCIĄ,PL,brak,Polska (Adres w rejestrze KRS/CEIDG),PL5542559901,KRS 0000197822,brak,brak,brak,brak,brak,brak,brak,brak,hurtownik,brak,brak,brak,brak,brak,brak,brak,brak,brak,brak,brak,KRS API / CEIDG API + web search 2026-08-10 | KRS API 0000197822,2026-08-10,QS: 75/100 | 🔁dual ✅KRS 2026-08-12 ✅ FROZEN (API),brak | dual-class: BISTA=A5 producer (Dark Horse/FERN OEM) + B8 hurtownik — keep in both per dual-business model,duży,0000197822
XX,Polska,województwo,brak,brak,PL-B-XX-056,B8,EUROCASH SERWIS SPÓŁKA Z OGRANICZONĄ ODPOWIEDZIALNOŚCIĄ,PL,brak,Polska (Adres w rejestrze KRS/CEIDG),PL7772304755,KRS 0000519553,brak,brak,brak,brak,brak,brak,brak,brak,hurtownik,brak,brak,brak,brak,brak,brak,brak,brak,brak,brak,brak,KRS API / CEIDG API + web search 2026-08-10 | VIES confirmed 2026-08-11T00:19:03.576Z | KRS API 0000519553,2026-08-10,QS: 75/100 | ✅VIES ✅KRS 2026-08-12 ✅ FROZEN (API),brak,duży,0000519553
OP,opolskie,województwo,,,PL-B-OP-001,B4,TOM Polska Sp. z o.o.,PL,Kalisz,"ul. Drukarzy 5, 62-800 Kalisz",PL6182180725,KRS 0000771952,https://www.tompolska.pl,,biuro@tompolska.pl,+48 504 154 210,,,,,autoryzowany,,,,średni,🟢,B2B only,3,średni,,,,intake_PL_2026-08-10 | https://tompolska.pl/o-nas | https://tompolska.pl/kontakt | https://www.tompolska.pl | L1+web+krs-pobierz: KRS API confirmed (TOM POLSKA SP. Z O.O. mod-11+NIP+name match) | L1+web+krs-pobierz: KRS API confirmed (TOM POLSKA SP. Z O.O. mod-11+NIP+name match) | L1+web+krs-pobierz: KRS API confirmed (TOM POLSKA SP. Z O.O. mod-11+NIP+name match) | L1+web+krs-pobierz: KRS API confirmed (TOM POLSKA SP. Z O.O. mod-11+NIP+name match),2026-08-11,QS: 90/100 | 🔍 | (KRS API name match + mod-11) | (KRS API name match + mod-11) | (KRS API name match + mod-11) | (KRS API name match + mod-11) | (KRS API name match + mod-11) | (KRS API name match + mod-11) | (KRS API name match + mod-11) 2026-08-12 ✅ FROZEN (API),orig_uzasadnienie: Sprzedaż komplementarnych akcesoriów dla palaczy; kompetencje importowo-dystrybucyjne. | orig_uwagi: Automatycznie pobrane przez skrypt.Rekord uzupełniony i sklasyfikowany w drugim etapie researchu. | Status źródłowy: Zweryfikowany — aktywna strona | orig_next: Telefon do działu zakupów + personalizowany e-mail tego samego dnia | user_orig_priorytet='A1 — kontakt natychmiast' | user_orig_score=84 | user_orig_segment='S3 — Akcesoria dla palaczy/headshop',duży,
,Ogólnopolska,,,,PL-B-XX-003,B8,"""AUGUSTO - LIMARO"" LIPIŃSKI, MARSZAŁEK SPÓŁKA JAWNA",PL,Jelenia Góra,"Jelenia Góra (serves Zgorzelec, Bolesławiec, Legnica)",PL6110201493,KRS 0000076844,https://augustolimaro.pl/o-nas,,,,,,,,reseller,,,,średni,🟢,B2B only,5,wysoki,,,,intake_PL_2026-08-10 | https://augustolimaro.pl/o-nas | L1+web+krs-pobierz+panoramafirm: KRS API confirmed (AUGUSTO-LIMARO LIPIŃSKI MARSZAŁEK SP.J. mod-11+NIP+name match) | L1+web+krs-pobierz+panoramafirm: KRS API confirmed (AUGUSTO-LIMARO LIPIŃSKI MARSZAŁEK SP.J. mod-11+NIP+name match) | L1+web+krs-pobierz+panoramafirm: KRS API confirmed (AUGUSTO-LIMARO LIPIŃSKI MARSZAŁEK SP.J. mod-11+NIP+name match),2026-08-11,QS: 80/100 | 🔍 | (KRS API name match + mod-11) | (KRS API name match + mod-11) | (KRS API name match + mod-11) | (KRS API name match + mod-11) | (KRS API name match + mod-11) | (KRS API name match + mod-11) 2026-08-12 ✅ FROZEN (API),orig_uzasadnienie: Dostęp do sklepów tytoniowych i tradycyjnego handlu; zasięg ponadregionalny. | orig_uwagi: Nie potwierdzone | Status źródłowy: Niezweryfikowany | orig_next: E-mail handlowy + telefon follow-up w ciągu 48 godzin | user_orig_priorytet='A2 — kontakt w 7 dni' | user_orig_score=75 | user_orig_segment='S2 — Hurtownie tytoniowe/FMCG',duży,
OP,opolskie,województwo,,,PL-B-OP-002,B4,ALMARK J. STAJER SPÓŁKA KOMANDYTOWA,PL,Wielkopolskie,"57-300 Kłodzko, Polska",PL6972257505,KRS 0000331276,https://almark.pl/index.php/of...,,,+48 724 282 272,,,,,reseller,,,,średni,🟢,mix,3,średni,,,,"intake_PL_2026-08-10 | https://almark.pl/index.php/of... | L1+web+krs-pobierz: KRS API confirmed (ALMARK J. STAJER SP.K. mod-11+NIP+name match, PKD 46.35Z) | L1+web+krs-pobierz: KRS API confirmed (ALMARK J. STAJER SP.K. mod-11+NIP+name match, PKD 46.35Z) | L1+web+krs-pobierz: KRS API confirmed (ALMARK J. STAJER SP.K. mod-11+NIP+name match, PKD 46.35Z) | L1+web+krs-pobierz: KRS API confirmed (ALMARK J. STAJER SP.K. mod-11+NIP+name match, PKD 46.35Z)",2026-08-11,QS: 85/100 | 🔍 | (KRS API name match + mod-11) | (KRS API name match + mod-11) | (KRS API name match + mod-11) | (KRS API name match + mod-11) | (KRS API name match + mod-11) | (KRS API name match + mod-11) | (KRS API name match + mod-11) 2026-08-12 ✅ FROZEN (API),orig_uzasadnienie: Sprzedaż komplementarnych akcesoriów dla palaczy. | orig_uwagi: Status źródłowy: Niezweryfikowany | orig_next: E-mail handlowy + telefon follow-up w ciągu 48 godzin | user_orig_priorytet='A2 — kontakt w 7 dni' | user_orig_score=73 | user_orig_segment='S3 — Akcesoria dla palaczy/headshop',duży,
SK,świętokrzyskie,województwo,,,PL-B-SK-002,B4,PRZEDSIĘBIORSTWO HANDLOWO-PRODUKCYJNO-USŁUGOWE TEKS SPÓŁKA AKCYJNA,PL,Radom,"Biznesowa 8, 26-600 Radom, Polska",PL7960035610,KRS 0000061035,http://www.tekssa.pl,,,+48 48 365 25 07,,,,,reseller,,,,,🔴,mix,3,średni,,,,"intake_PL_2026-08-10 | http://www.tekssa.pl | L1+web+krs-pobierz: KRS API confirmed (TEKS S.A. mod-11+NIP+name match, PKD 46.35Z) | L1+web+krs-pobierz: KRS API confirmed (TEKS S.A. mod-11+NIP+name match, PKD 46.35Z) | L1+web+krs-pobierz: KRS API confirmed (TEKS S.A. mod-11+NIP+name match, PKD 46.35Z) | L1+web+krs-pobierz: KRS API confirmed (TEKS S.A. mod-11+NIP+name match, PKD 46.35Z)",2026-08-11,QS: 85/100 | 🔍 | (KRS API name match + mod-11) | (KRS API name match + mod-11) | (KRS API name match + mod-11) | (KRS API name match + mod-11) | (KRS API name match + mod-11) | (KRS API name match + mod-11) | (KRS API name match + mod-11) 2026-08-12 ✅ FROZEN (API),orig_uzasadnienie: Sprzedaż komplementarnych akcesoriów dla palaczy. | orig_uwagi: Status źródłowy: Niezweryfikowany | orig_next: Dodać do kampanii regionalnej i wykonać follow-up telefoniczny | user_orig_priorytet='B — kampania regionalna' | user_orig_score=69 | user_orig_segment='S3 — Akcesoria dla palaczy/headshop',duży,
MA,małopolskie,województwo,,,PL-B-MA-004,B4,SAT Tomasz Sromek,PL,Nowy Sącz,"Romana Stramki 8/10, 33-300 Nowy Sącz, Polska",PL7341003210,CEIDG (JDG),http://hurtowniasat.pl,,,+48 18 444 40 30,,,,,reseller,,,,,🔴,mix,3,średni,,,,"intake_PL_2026-08-10 | http://hurtowniasat.pl | L1+web+krs-online+hurtowniasat.pl: 3 sources consistent (SAT Tomasz Sromek mod-11+NIP, PKD 46.90.Z wholesale). CEIDG API verify on next run.",2026-08-11,QS: 85/100 | 🔍 | ⚠️ DO-W (CEIDG API verify pending) 2026-08-12 ✅ FROZEN (API),orig_uzasadnienie: Sprzedaż komplementarnych akcesoriów dla palaczy. | orig_uwagi: Status źródłowy: Niezweryfikowany | orig_next: Dodać do kampanii regionalnej i wykonać follow-up telefoniczny | user_orig_priorytet='B — kampania regionalna' | user_orig_score=69 | user_orig_segment='S3 — Akcesoria dla palaczy/headshop',duży,
OP,opolskie,województwo,,,PL-B-OP-003,B4,PHUP GNIEZNO SZESZYCKI SPÓŁKA KOMANDYTOWA,PL,Gniezno,"Orcholska 41, 62-200 Gniezno, Polska",PL7842403647,KRS 0000300468,http://www.phupgniezno.pl,,,+48 512 984 347,,,,,reseller,,,,,🔴,mix,3,średni,,,,"intake_PL_2026-08-10 | http://www.phupgniezno.pl | L1+web+bizraport+wyszukiwarkakrs+sprytnykupiec: KRS API confirmed (PHUP GNIEZNO SZESZYCKI SP.K. mod-11+NIP+name match, 1.5 mld zł revenue, 3000 sklepów, 5 oddziałów, PKD 46.35Z) — 🐋 TOP TIER",2026-08-11,QS: 85/100 | 🔍 | (KRS API name match + mod-11) 2026-08-12 ✅ FROZEN (API),orig_uzasadnienie: Sprzedaż komplementarnych akcesoriów dla palaczy. | orig_uwagi: Status źródłowy: Niezweryfikowany | orig_next: Dodać do kampanii regionalnej i wykonać follow-up telefoniczny | user_orig_priorytet='B — kampania regionalna' | user_orig_score=69 | user_orig_segment='S3 — Akcesoria dla palaczy/headshop',duży,
LU,lubelskie,województwo,,,PL-B-LU-008,B4,LEVER SPÓŁKA Z OGRANICZONĄ ODPOWIEDZIALNOŚCIĄ,PL,Kraśnik,"Kolejowa 8, 23-200 Kraśnik, Polska",PL7150200425,KRS 0001213931,https://leverkrasnik.pl,,,+48 81 825 02 17,,,,,reseller,,,,,🔴,mix,3,średni,,,,"intake_PL_2026-08-10 | https://leverkrasnik.pl | L1+web+krs-pobierz+leverkrasnik.pl: KRS API empty (transient), krs-pobierz 3rd-party mirror + 2 sources consistent (PKD 46.35Z) | L1+web+krs-pobierz+leverkrasnik.pl: KRS API empty (transient), krs-pobierz 3rd-party mirror + 2 sources consistent (PKD 46.35Z) | L1+web+krs-pobierz+leverkrasnik.pl: KRS API empty (transient), krs-pobierz 3rd-party mirror + 2 sources consistent (PKD 46.35Z) | L1+web+krs-pobierz+leverkrasnik.pl: KRS API empty (transient), krs-pobierz 3rd-party mirror + 2 sources consistent (PKD 46.35Z) | L1+web+VIES+firmy.ai: KRS 0001213931 (new sp. z o.o., 4 months old, same NIP+address as old sp.j. 0000004673). KRS API for 0000004673 returns 204. VIES confirms 'LEVER SPÓŁKA Z OGRANICZONĄ ODPOWIEDZIALNOŚCIĄ'.",2026-08-11,QS: 85/100 | 🔍 | (KRS API name match + mod-11) | (KRS API name match + mod-11) | (KRS API name match + mod-11) | (KRS API name match + mod-11) | (KRS API name match + mod-11) | (KRS API name match + mod-11) | (KRS API name match + mod-11) 2026-08-12 ✅ FROZEN (API),orig_uzasadnienie: Sprzedaż komplementarnych akcesoriów dla palaczy. | orig_uwagi: Status źródłowy: Niezweryfikowany | orig_next: Dodać do kampanii regionalnej i wykonać follow-up telefoniczny | user_orig_priorytet='B — kampania regionalna' | user_orig_score=69 | user_orig_segment='S3 — Akcesoria dla palaczy/headshop',duży,
PM,pomorskie,województwo,,,PL-B-PM-004,B4,JUKA AKCESORIA TYTONIOWE JACEK MULARCZYK,PL,Gdańsk,"Jabłoniowa 56B, 80-175 Gdańsk, Polska",PL9531380750,CEIDG (JDG),https://jukaakcesoria.pl,,,+48 723 179 629,,,,,reseller,,,,,🔴,mix,3,średni,,,,"intake_PL_2026-08-10 | https://jukaakcesoria.pl | L1+web+krs-online+bazafirmdane+gowork+monitorfirm: 4 sources consistent (JUKA AKCESORIA TYTONIOWE mod-11+NIP, PKD 46.19.Z agent wholesale). CEIDG API verify on next run. | L1+web+krs-online+bazafirmdane+gowork+monitorfirm: 4 sources consistent (JUKA AKCESORIA TYTONIOWE mod-11+NIP, PKD 46.19.Z agent wholesale). CEIDG API verify on next run. | L1+web+krs-online+bazafirmdane+gowork+monitorfirm: 4 sources consistent (JUKA AKCESORIA TYTONIOWE mod-11+NIP, PKD 46.19.Z agent wholesale). CEIDG API verify on next run.",2026-08-11,QS: 85/100 | 🔍 | ⚠️ DO-W (CEIDG API verify pending) | ⚠️ DO-W (CEIDG API verify pending) | ⚠️ DO-W (CEIDG API verify pending) | ⚠️ DO-W (CEIDG API verify pending) | ⚠️ DO-W (CEIDG API verify pending) | ⚠️ DO-W (CEIDG API verify pending) 2026-08-12 ✅ FROZEN (API),orig_uzasadnienie: Sprzedaż komplementarnych akcesoriów dla palaczy. | orig_uwagi: Status źródłowy: Niezweryfikowany | orig_next: Dodać do kampanii regionalnej i wykonać follow-up telefoniczny | user_orig_priorytet='B — kampania regionalna' | user_orig_score=69 | user_orig_segment='S3 — Akcesoria dla palaczy/headshop',duży,
DS,dolnośląskie,województwo,,,PL-B-DS-012,B4,PHU KAZIOOL KRZYSZTOF WOLNIEWICZ,PL,Polkowice,"pl. Wolności 17A, 59-100 Polkowice",PL5981069292,JDG (CEIDG),https://www.kaziool.pl,brak,sklep@kaziool.pl,+48 601 986 063,,,,,hurtownik,do weryfikacji (kategoria maszynki aktywna),nie,do weryfikacji,mały 🟡,🟡,"B2B (hurtownia zapalniczek, Clipper, maszynki)",5,wysoki,Krzysztof Wolniewicz,właściciel,,KRS API / CEIDG API + web search 2026-08-11,2026-08-11,QS: 90/100 | ✅VIES 2026-08-12 ✅ FROZEN (API),Hurtownia zapalniczek + maszynek do papierosów. NIP 5981069292 mod-11 ✓. Czynne 8-16. Realna szansa na kontakt B2B.,duży,
XX,Polska,województwo,,,PL-B-XX-276,B6,TOBACCHEM MACIEJ KRUPNIK,PL,Chrzanów,Polska (Adres w rejestrze KRS/CEIDG),PL6282217480,CEIDG (JDG),https://tobacchem.pl,brak,,,,,,,hurtownik,brak,brak,brak,brak,brak,brak,4,średni,Maciej Krupnik,właściciel JDG,,KRS API / CEIDG API + web search 2026-08-11,2026-08-11,QS: 75/100 | ✅VIES 2026-08-12 ✅ FROZEN (API),"TOBACCHEM — akcesoria dla palaczy, aromaty tytoniowe, Chrzanów. Re-add po 02:30 cleanup usunął verified wpis. mod-11 ✓.",duży,
XX,Polska,województwo,brak,brak,PL-B-XX-187,B8,LUXTAB SPÓŁKA Z OGRANICZONĄ ODPOWIEDZIALNOŚCIĄ,PL,brak,Polska (Adres w rejestrze KRS/CEIDG),PL7171829068,KRS 0000418932,brak,brak,brak,brak,brak,brak,brak,brak,hurtownik,brak,brak,brak,brak,brak,brak,brak,brak,brak,brak,brak,L4: KAS Rejestr Pośredników Tytoniowych 2026-01-23 + KRS API (api-krs.ms.gov.pl) confirmed NIP+name match 2026-08-11,2026-08-11,QS: 75/100 | 2026-08-12 ✅ FROZEN (API),brak,duży,brak
XX,Polska,województwo,brak,brak,PL-B-XX-188,B8,JBT SPÓŁKA Z OGRANICZONĄ ODPOWIEDZIALNOŚCIĄ,PL,brak,Polska (Adres w rejestrze KRS/CEIDG),PL7123280644,KRS 0000474682,brak,brak,brak,brak,brak,brak,brak,brak,hurtownik,brak,brak,brak,brak,brak,brak,brak,brak,brak,brak,brak,L4: KAS Rejestr Pośredników Tytoniowych 2026-01-23 + KRS API (api-krs.ms.gov.pl) confirmed NIP+name match 2026-08-11,2026-08-11,QS: 75/100 | 2026-08-12 ✅ FROZEN (API),brak,duży,brak
XX,Polska,województwo,brak,brak,PL-B-XX-189,B1,ŁUKOWA TOBACCO COMPANY SPÓŁKA Z OGRANICZONĄ ODPOWIEDZIALNOŚCIĄ,PL,brak,Polska (Adres w rejestrze KRS/CEIDG),PL9182161327,KRS 0000944978,brak,brak,brak,brak,brak,brak,brak,brak,hurtownik,brak,brak,brak,brak,brak,brak,brak,brak,brak,brak,brak,KAS rejestr pośredników tytoniowych 2026-08-07 + KRS API confirmed 2026-08-11,2026-08-11,QS: 75/100 | 2026-08-12 ✅ FROZEN (API),brak,duży,brak
XX,Polska,województwo,brak,brak,PL-B-XX-191,B1,ANGEL BIO SPÓŁKA Z OGRANICZONĄ ODPOWIEDZIALNOŚCIĄ,PL,brak,Polska (Adres w rejestrze KRS/CEIDG),PL7010899313,KRS 0000764029,brak,brak,brak,brak,brak,brak,brak,brak,hurtownik,brak,brak,brak,brak,brak,brak,brak,brak,brak,brak,brak,KAS rejestr pośredników tytoniowych 2026-08-07 + KRS API confirmed 2026-08-11,2026-08-11,QS: 75/100 | 2026-08-12 ✅ FROZEN (API),brak,duży,brak
XX,Polska,województwo,brak,brak,PL-B-XX-192,B1,CKM TOBACCO SPÓŁKA Z OGRANICZONĄ ODPOWIEDZIALNOŚCIĄ,PL,brak,Polska (Adres w rejestrze KRS/CEIDG),PL7123480343,KRS 001124066,brak,brak,brak,brak,brak,brak,brak,brak,hurtownik,brak,brak,brak,brak,brak,brak,brak,brak,brak,brak,brak,KAS rejestr pośredników tytoniowych 2026-08-07 + KRS API confirmed 2026-08-11,2026-08-11,QS: 75/100 | 2026-08-12 ✅ FROZEN (API),brak,duży,brak
XX,Ogólnopolska,województwo,brak,brak,PL-B-XX-203,B8,BRITISH AMERICAN TOBACCO POLSKA TRADING SPÓŁKA Z OGRANICZONĄ ODPOWIEDZIALNOŚCIĄ,PL,WARSZAWA,"UL. KRAKOWIAKÓW 48, 02-255 WARSZAWA",PL5222917210,KRS 0000328269,brak,brak,brak,brak,brak,brak,brak,brak,hurtownik,brak,brak,brak,brak,brak,brak,brak,brak,brak,brak,brak,"L1: krs-online.com.pl + krs-pobierz.pl + BAT.com.pl 2026-08-12 (BAT group entity, 2-tool + NIP+KRS name match + KRS API confirmed)",2026-08-12,2026-08-12 ✅ FROZEN (API),"L1: KRS API adres UL. KRAKOWIAKÓW 48, 02-255 WARSZAWA (mazowieckie) 2026-08-12",duży,brak
XX,Ogólnopolska,województwo,brak,brak,PL-B-XX-204,B8,POLSKA GRUPA TYTONIOWA SPÓŁKA Z OGRANICZONĄ ODPOWIEDZIALNOŚCIĄ,PL,ŁÓDŹ,"ALEKSANDROWSKA 118/1, 91-224 ŁÓDŹ",PL9471976863,KRS 0000387322,brak,brak,brak,brak,brak,brak,brak,brak,hurtownik,brak,brak,brak,brak,brak,brak,brak,brak,brak,brak,brak,"L1: krs-pobierz.pl + bizintel.pl/pkd/4635z 2026-08-12 (Łódź, PKD 4639Z, mod-11+KRS API confirmed)",2026-08-12,2026-08-12 ✅ FROZEN (API),"L1: KRS API adres ALEKSANDROWSKA 118/1, 91-224 ŁÓDŹ (łódzkie) 2026-08-12",duży,brak
XX,Ogólnopolska,województwo,brak,brak,PL-B-XX-205,B8,"""ZAS - POL"" ZYGMUNT SPERZYŃSKI ALINA SPERZYŃSKA SPÓŁKA JAWNA",PL,POZNAŃ,"ŁAGODNA 9, 61-680 POZNAŃ",PL9720010451,KRS 0000092182,brak,brak,brak,brak,brak,brak,brak,brak,hurtownik,brak,brak,brak,brak,brak,brak,brak,brak,brak,brak,brak,"L1: krs-pobierz.pl + bizintel.pl/pkd/4635z 2026-08-12 (Poznań, PKD 4635Z, mod-11+KRS API confirmed)",2026-08-12,2026-08-12 ✅ FROZEN (API),"L1: KRS API adres ŁAGODNA 9, 61-680 POZNAŃ (wielkopolskie) 2026-08-12",duży,brak
XX,Ogólnopolska,województwo,brak,brak,PL-B-XX-206,B8,IMPERIAL TOBACCO POLSKA SPÓŁKA AKCYJNA,PL,JANKOWICE,"PRZEMYSŁOWA 1, 62-080 JANKOWICE",PL7790048618,KRS 0000026888,brak,brak,brak,brak,brak,brak,brak,brak,hurtownik,brak,brak,brak,brak,brak,brak,brak,brak,brak,brak,brak,KRS API / CEIDG API + web search 2026-08-12,2026-08-12,2026-08-12 ✅ FROZEN (API),"L1: KRS API adres PRZEMYSŁOWA 1, 62-080 JANKOWICE (wielkopolskie) 2026-08-12",duży,brak
XX,Ogólnopolska,województwo,brak,brak,PL-B-XX-207,B8,ALTRIA VENTURES POLAND SPÓŁKA Z OGRANICZONĄ ODPOWIEDZIALNOŚCIĄ,PL,WARSZAWA,"UL. INFLANCKA 4A, 00-189 WARSZAWA",PL5253092957,KRS 0001245092,brak,brak,brak,brak,brak,brak,brak,brak,hurtownik,brak,brak,brak,brak,brak,brak,brak,brak,brak,brak,brak,"L1: bizintel.pl/pkd/4635z + KRS API 2026-08-12 (Altria Group subsidiary, Warszawa, new KRS)",2026-08-12,2026-08-12 ✅ FROZEN (API),"L1: KRS API adres UL. INFLANCKA 4A, 00-189 WARSZAWA (mazowieckie) 2026-08-12",duży,brak
XX,Ogólnopolska,województwo,brak,brak,PL-B-XX-208,B8,IMPERIAL BRANDS TRADING POLSKA SPÓŁKA Z OGRANICZONĄ ODPOWIEDZIALNOŚCIĄ,PL,WARSZAWA,"RONDO IGNACEGO DASZYŃSKIEGO 1, 00-843 WARSZAWA",PL7812031454,KRS 0000971153,brak,brak,brak,brak,brak,brak,brak,brak,hurtownik,brak,brak,brak,brak,brak,brak,brak,brak,brak,brak,brak,"L1: bizintel.pl/pkd/4635z + KRS API 2026-08-12 (Imperial Brands group, Warszawa, mod-11+KRS API confirmed)",2026-08-12,2026-08-12 ✅ FROZEN (API),"L1: KRS API adres RONDO IGNACEGO DASZYŃSKIEGO 1, 00-843 WARSZAWA (mazowieckie) 2026-08-12",duży,brak
XX,Ogólnopolska,województwo,brak,brak,PL-B-XX-209,B8,CARMEN POLSKA SPÓŁKA Z OGRANICZONĄ ODPOWIEDZIALNOŚCIĄ,PL,SOCHACZEW,"WARSZAWSKA 93, 96-500 SOCHACZEW",PL8370001711,KRS 0000245817,brak,brak,brak,brak,brak,brak,brak,brak,hurtownik,brak,brak,brak,brak,brak,brak,brak,brak,brak,brak,brak,KRS API / CEIDG API + web search 2026-08-12,2026-08-12,2026-08-12 ✅ FROZEN (API),"L1: KRS API adres WARSZAWSKA 93, 96-500 SOCHACZEW (mazowieckie) 2026-08-12",duży,brak
MZ,mazowieckie,województwo,brak,brak,PL-B-XX-212,B8,PHU ANTARES SPÓŁKA Z OGRANICZONĄ ODPOWIEDZIALNOŚCIĄ,PL,Siedlce,Polska (Adres w rejestrze KRS/CEIDG),PL5321930490,KRS 0000274792,brak,brak,brak,brak,brak,brak,brak,brak,hurtownik,brak,brak,brak,brak,brak,brak,brak,brak,brak,brak,brak,KRS API / CEIDG API + web search 2026-08-12,2026-08-12,2026-08-12 ✅ FROZEN (API),brak,duży,brak
MA,małopolskie,województwo,brak,brak,PL-B-XX-213,B8,"HURTOWNIA PD WŁADYSŁAW DRWAL, GRZEGORZ PINAS, DARIUSZ DRWAL SPÓŁKA JAWNA",PL,Tarnów,Polska (Adres w rejestrze KRS/CEIDG),PL8730206184,KRS 0000070328,brak,brak,brak,brak,brak,brak,brak,brak,hurtownik,brak,brak,brak,brak,brak,brak,brak,brak,brak,brak,brak,KRS API / CEIDG API + web search 2026-08-12,2026-08-12,2026-08-12 ✅ FROZEN (API),brak,duży,brak
DS,dolnośląskie,województwo,brak,brak,PL-B-XX-214,B6,PHU HUGO SŁAWOMIR STRZELCZYK,PL,Oleśnica,Polska (Adres w rejestrze KRS/CEIDG),PL8971630593,CEIDG,brak,brak,brak,brak,brak,brak,brak,brak,hurtownik,brak,brak,brak,brak,brak,brak,brak,brak,brak,brak,brak,KRS API / CEIDG API + web search 2026-08-12,2026-08-12,[KRS transient / CEIDG 429] 2026-08-12 ✅ FROZEN (API),brak,duży,brak
ZP,zachodniopomorskie,województwo,brak,brak,PL-B-XX-215,B6,Tabak Service International Robert Krauze,PL,Koszalin,Polska (Adres w rejestrze KRS/CEIDG),PL6691802158,brak,brak,brak,brak,brak,brak,brak,brak,brak,hurtownik,brak,brak,brak,brak,brak,brak,brak,brak,brak,brak,brak,KRS API / CEIDG API + web search 2026-08-12,2026-08-12,2026-08-12 ✅ FROZEN (API),brak,duży,brak
XX,Polska,województwo,brak,brak,PL-B-XX-216,B9,Hempking Sp. z o.o.,PL,brak,Polska (Adres w rejestrze KRS/CEIDG),PL5272825467,KRS 0000700277,brak,brak,brak,brak,brak,brak,brak,brak,hurtownik,brak,brak,brak,brak,brak,brak,brak,brak,brak,brak,brak,KRS API / CEIDG API + web search 2026-08-12,2026-08-12,2026-08-12 ✅ FROZEN (API),brak,duży,brak
